{
  "namedEntities": [
    {
      "synonyms": [
        "home"
      ],
      "id": "ff0ca6dd-de7a-4bee-b849-16210d63f3c5",
      "displayName": "Home User",
      "updatedTime": "2023-04-19T18:25:01.1721681Z",
      "updatedUserId": "86a6ef45-2c6e-4b86-b6ac-8bf9373ce4fe"
    },
    {
      "synonyms": [
        "gaming"
      ],
      "id": "2ccf421b-89a6-43a8-8b4f-b8d8f63b58bf",
      "displayName": "Gamer",
      "updatedTime": "2023-04-19T18:25:01.1721681Z",
      "updatedUserId": "86a6ef45-2c6e-4b86-b6ac-8bf9373ce4fe"
    },
    {
      "synonyms": [
        "business"
      ],
      "id": "2d32734c-9552-47c5-963b-563fe1d9ea7e",
      "displayName": "Business User",
      "updatedTime": "2023-04-19T18:25:01.1721681Z",
      "updatedUserId": "86a6ef45-2c6e-4b86-b6ac-8bf9373ce4fe"
    }
  ],
  "closedListTypes": [
    {
      "namedEntities": [
        "ff0ca6dd-de7a-4bee-b849-16210d63f3c5",
        "2ccf421b-89a6-43a8-8b4f-b8d8f63b58bf",
        "2d32734c-9552-47c5-963b-563fe1d9ea7e"
      ],
      "smartMatchingEnabled": true,
      "customTypeSchema": "ClosedList",
      "id": "new_customtype_aa8979c8a54148c29331a27a719706c9_f86fcadfd497444e91ed11c12b059d10",
      "displayName": "Usage Type",
      "description": "Lesson 4 Usage Type Entity",
      "createdTime": "2019-10-25T14:03:43.9601778Z",
      "updatedTime": "2023-04-19T18:25:01.1721681Z",
      "createdUserId": "user0",
      "updatedUserId": "86a6ef45-2c6e-4b86-b6ac-8bf9373ce4fe"
    }
  ]
}