{
  "intents": [
    {
      "triggerQueries": [
        "Menu"
      ],
      "dialogId": "new_topic_d4513be552bc496e999ab3e5aa293cf8",
      "isTriggeringEnabled": true,
      "id": "new_topic_d4513be552bc496e999ab3e5aa293cf8",
      "displayName": "Menu",
      "createdTime": "2023-04-19T20:43:14.7407724Z",
      "updatedTime": "2023-05-10T16:51:02.0031649Z",
      "createdUserId": "86a6ef45-2c6e-4b86-b6ac-8bf9373ce4fe",
      "updatedUserId": "86a6ef45-2c6e-4b86-b6ac-8bf9373ce4fe"
    }
  ],
  "dialogs": [
    {
      "rootNodeId": "50c63503-1ae1-41fe-b255-6aead79fe62c",
      "messageNodes": [
        {
          "botMessageId": "39cc9a16-a816-4702-96b7-235b8c555a8f",
          "nodeType": "BotMessageNode",
          "id": "8e218930-bbf0-4948-9f73-edcdb733e6e3",
          "defaultTargetNodeId": "e52c6f6d-de1b-4ff4-a086-f970ace9a9a9"
        },
        {
          "botMessageId": "a6c66fef-4f1c-4a8a-82a6-0cd02843511a",
          "nodeType": "BotMessageNode",
          "id": "95c3ae53-3a6b-404a-888f-835cd0789e9c",
          "defaultTargetNodeId": "dc8de1f9-0a43-4304-a921-62da023700ea"
        }
      ],
      "actionNodes": [
        {
          "contextVariableId": "8293345e-05e9-49db-920d-1c6c3b153c99",
          "nodeType": "ActionNode",
          "inputParameterVariableIdMap": {
            "text": "{new_variable_aa8979c8a54148c29331a27a719706c9_613f8321e2c748a49c5b7be3fdcfcd9a}",
            "text_1": "{new_variable_9092c9eb2f27449cb00852f3cfa4c94c_cbcd8115da634c8189ed5c069daf6fbc}"
          },
          "outputExpressionVariableIds": [
            "8b4f31ce-d2d8-4495-a0a5-3b5ff2f9f7d5"
          ],
          "id": "04b4a650-3ae8-445e-b860-2264746b5ec2",
          "defaultTargetNodeId": "8e218930-bbf0-4948-9f73-edcdb733e6e3"
        },
        {
          "contextVariableId": "ec3d55d3-de17-4862-834f-4157f697a718",
          "nodeType": "ActionNode",
          "inputParameterVariableIdMap": {
            "text": "{new_variable_aa8979c8a54148c29331a27a719706c9_613f8321e2c748a49c5b7be3fdcfcd9a}",
            "text_1": "{new_variable_9092c9eb2f27449cb00852f3cfa4c94c_bc565e6ae6ec4c75a7381859fb5c4148}"
          },
          "outputExpressionVariableIds": [
            "f8d22a93-e329-4220-9264-50f4239de202"
          ],
          "id": "2508bd68-90c7-406b-9f0c-f089e937d072",
          "defaultTargetNodeId": "95c3ae53-3a6b-404a-888f-835cd0789e9c"
        }
      ],
      "dialogChangeNodes": [
        {
          "targetDialogId": "new_topic_ec5297af15d14d4d923150b302cec174",
          "nodeType": "DialogChangeNode",
          "id": "e52c6f6d-de1b-4ff4-a086-f970ace9a9a9"
        },
        {
          "targetDialogId": "new_topic_ec5297af15d14d4d923150b302cec174",
          "nodeType": "DialogChangeNode",
          "id": "dc8de1f9-0a43-4304-a921-62da023700ea"
        }
      ],
      "questionNodes": [
        {
          "contextVariableId": "new_variable_aa8979c8a54148c29331a27a719706c9_613f8321e2c748a49c5b7be3fdcfcd9a",
          "nodeType": "QuestionNode",
          "id": "50c63503-1ae1-41fe-b255-6aead79fe62c",
          "routes": [
            {
              "expression": "@equals(parameters('new_variable_aa8979c8a54148c29331a27a719706c9_613f8321e2c748a49c5b7be3fdcfcd9a'), 'bbc30f38-fe9a-411f-ab27-60272acd00c7')",
              "targetNodeId": "ab310a50-deda-477c-9a46-a392c8c697e5"
            },
            {
              "expression": "@equals(parameters('new_variable_aa8979c8a54148c29331a27a719706c9_613f8321e2c748a49c5b7be3fdcfcd9a'), '6ff4b2fd-3ae5-486c-ac46-c88c29ebe30b')",
              "targetNodeId": "7dde4bbf-fcb3-4c92-b292-65b5891dca7f"
            }
          ]
        },
        {
          "contextVariableId": "new_variable_9092c9eb2f27449cb00852f3cfa4c94c_cbcd8115da634c8189ed5c069daf6fbc",
          "nodeType": "QuestionNode",
          "id": "ab310a50-deda-477c-9a46-a392c8c697e5",
          "defaultTargetNodeId": "04b4a650-3ae8-445e-b860-2264746b5ec2"
        },
        {
          "contextVariableId": "new_variable_9092c9eb2f27449cb00852f3cfa4c94c_bc565e6ae6ec4c75a7381859fb5c4148",
          "nodeType": "QuestionNode",
          "id": "7dde4bbf-fcb3-4c92-b292-65b5891dca7f",
          "defaultTargetNodeId": "2508bd68-90c7-406b-9f0c-f089e937d072"
        }
      ],
      "id": "new_topic_d4513be552bc496e999ab3e5aa293cf8",
      "displayName": "Untitled",
      "createdTime": "2023-04-19T20:43:14.7407711Z",
      "updatedTime": "2023-05-10T16:51:02.0031643Z",
      "createdUserId": "86a6ef45-2c6e-4b86-b6ac-8bf9373ce4fe",
      "updatedUserId": "86a6ef45-2c6e-4b86-b6ac-8bf9373ce4fe"
    }
  ],
  "botMessages": [
    {
      "channelContent": {
        "web": {
          "contentFormat": "Markdown",
          "content": "Please select one of the following categories:"
        }
      },
      "id": "bb2d885d-12ad-4fc7-b696-c0da620a4c23",
      "createdTime": "2023-04-19T18:31:32.01Z",
      "updatedTime": "2023-04-19T18:31:32.01Z",
      "createdUserId": "user-0",
      "updatedUserId": "user-0"
    },
    {
      "channelContent": {
        "web": {
          "contentFormat": "Markdown",
          "content": "Please select a subcategory"
        }
      },
      "id": "be552afc-270e-4fff-ac35-f5b9821913ff",
      "createdTime": "2023-05-10T00:50:49.516Z",
      "updatedTime": "2023-05-10T00:50:49.516Z",
      "createdUserId": "user-0",
      "updatedUserId": "user-0"
    },
    {
      "channelContent": {
        "web": {
          "contentFormat": "Markdown",
          "content": "Please select a subcategory"
        }
      },
      "id": "5fd9432b-a59e-4b4f-bfbe-5eb9a60f81b7",
      "createdTime": "2023-05-10T14:45:03.981Z",
      "updatedTime": "2023-05-10T14:45:03.981Z",
      "createdUserId": "user-0",
      "updatedUserId": "user-0"
    },
    {
      "channelContent": {
        "web": {
          "contentFormat": "Markdown",
          "content": "This is what was found according to your selection: {new\\_variable\\_aa8979c8a54148c29331a27a719706c9\\_613f8321e2c748a49c5b7be3fdcfcd9a} | {new\\_variable\\_9092c9eb2f27449cb00852f3cfa4c94c\\_cbcd8115da634c8189ed5c069daf6fbc}\n\n\\==========================\n\n{8b4f31ce-d2d8-4495-a0a5-3b5ff2f9f7d5}"
        }
      },
      "id": "39cc9a16-a816-4702-96b7-235b8c555a8f",
      "createdTime": "2023-05-10T00:52:35.814Z",
      "updatedTime": "2023-05-10T00:52:35.814Z",
      "createdUserId": "user-0",
      "updatedUserId": "user-0"
    },
    {
      "channelContent": {
        "web": {
          "contentFormat": "Markdown",
          "content": "This is what was found according to your selection: {new\\_variable\\_aa8979c8a54148c29331a27a719706c9\\_613f8321e2c748a49c5b7be3fdcfcd9a} | {new\\_variable\\_9092c9eb2f27449cb00852f3cfa4c94c\\_bc565e6ae6ec4c75a7381859fb5c4148}\n\n\\==========================\n\n{f8d22a93-e329-4220-9264-50f4239de202}"
        }
      },
      "id": "a6c66fef-4f1c-4a8a-82a6-0cd02843511a",
      "createdTime": "2023-05-10T14:45:52.843Z",
      "updatedTime": "2023-05-10T14:45:52.843Z",
      "createdUserId": "user-0",
      "updatedUserId": "user-0"
    }
  ],
  "actionDefinitions": [
    {
      "timeoutInSeconds": 60,
      "retryCount": 1,
      "method": 2,
      "headers": {
        "accept": "application/json"
      },
      "bodyContent": "{\"text\":\"{new_variable_aa8979c8a54148c29331a27a719706c9_613f8321e2c748a49c5b7be3fdcfcd9a}\",\"text_1\":\"{new_variable_9092c9eb2f27449cb00852f3cfa4c94c_cbcd8115da634c8189ed5c069daf6fbc}\"}",
      "actionType": "Flow",
      "flowMetadata": {
        "id": "ac481896-e2de-ed11-a7c7-000d3a1b9743",
        "title": "GetQuestionsAndAnswers",
        "description": "Call this flow from Power Virtual Agents.",
        "httpMethod": 2,
        "inputParameters": [
          {
            "name": "Category",
            "id": "text",
            "type": "String",
            "optional": false
          },
          {
            "name": "SubCategory",
            "id": "text_1",
            "type": "String",
            "optional": false
          }
        ],
        "outputParameters": [
          {
            "name": "result",
            "id": "result",
            "type": "String",
            "optional": true
          }
        ],
        "outputSchemaType": "Json",
        "createdTime": "2023-05-03T22:38:36Z",
        "isEnabled": true,
        "lastModifiedTime": "2023-05-10T00:44:59Z",
        "versionNumber": 418823
      },
      "id": "a98c5d7e-2b1f-43ab-ae14-5a764a3996b8",
      "displayName": "GetQuestionsAndAnswers",
      "description": "Call this flow from Power Virtual Agents.",
      "createdTime": "2023-05-10T00:52:15.401Z",
      "updatedTime": "2023-05-10T00:52:15.401Z"
    },
    {
      "timeoutInSeconds": 60,
      "retryCount": 1,
      "method": 2,
      "headers": {
        "accept": "application/json"
      },
      "bodyContent": "{\"text\":\"{new_variable_aa8979c8a54148c29331a27a719706c9_613f8321e2c748a49c5b7be3fdcfcd9a}\",\"text_1\":\"{new_variable_9092c9eb2f27449cb00852f3cfa4c94c_bc565e6ae6ec4c75a7381859fb5c4148}\"}",
      "actionType": "Flow",
      "flowMetadata": {
        "id": "ac481896-e2de-ed11-a7c7-000d3a1b9743",
        "title": "GetQuestionsAndAnswers",
        "description": "Call this flow from Power Virtual Agents.",
        "httpMethod": 2,
        "inputParameters": [
          {
            "name": "Category",
            "id": "text",
            "type": "String",
            "optional": false
          },
          {
            "name": "SubCategory",
            "id": "text_1",
            "type": "String",
            "optional": false
          }
        ],
        "outputParameters": [
          {
            "name": "result",
            "id": "result",
            "type": "String",
            "optional": true
          }
        ],
        "outputSchemaType": "Json",
        "createdTime": "2023-05-03T22:38:36Z",
        "isEnabled": true,
        "lastModifiedTime": "2023-05-10T00:44:59Z",
        "versionNumber": 418823
      },
      "id": "feed0fb3-2523-416c-8646-1b822dce6256",
      "displayName": "GetQuestionsAndAnswers",
      "description": "Call this flow from Power Virtual Agents.",
      "createdTime": "2023-05-10T14:45:35.376Z",
      "updatedTime": "2023-05-10T14:45:35.376Z"
    }
  ],
  "contextVariables": [
    {
      "customTypeId": "3cea7ccc-0687-4681-8082-8f06764b54bf",
      "initializerType": "Action",
      "scope": "Dialog",
      "greedySlotFillingEnabled": false,
      "isInput": false,
      "externalInitializationAllowed": false,
      "actionId": "a98c5d7e-2b1f-43ab-ae14-5a764a3996b8",
      "isGlobal": false,
      "id": "8293345e-05e9-49db-920d-1c6c3b153c99",
      "displayName": "",
      "createdTime": "2023-05-10T00:52:15.401Z",
      "updatedTime": "2023-05-10T16:51:02.0031652Z",
      "createdUserId": "user-0",
      "updatedUserId": "86a6ef45-2c6e-4b86-b6ac-8bf9373ce4fe"
    },
    {
      "systemType": "String",
      "initializerType": "Expression",
      "scope": "Dialog",
      "greedySlotFillingEnabled": false,
      "isInput": false,
      "externalInitializationAllowed": false,
      "expression": "@parameters('8293345e-05e9-49db-920d-1c6c3b153c99')['result']",
      "isGlobal": false,
      "id": "8b4f31ce-d2d8-4495-a0a5-3b5ff2f9f7d5",
      "displayName": "result1",
      "createdTime": "2023-05-10T00:52:15.401Z",
      "updatedTime": "2023-05-10T16:51:02.0031655Z",
      "createdUserId": "user-0",
      "updatedUserId": "86a6ef45-2c6e-4b86-b6ac-8bf9373ce4fe"
    },
    {
      "customTypeId": "048fba10-2710-4c3d-a619-c9d39bb7fc20",
      "initializerType": "Action",
      "scope": "Dialog",
      "greedySlotFillingEnabled": false,
      "isInput": false,
      "externalInitializationAllowed": false,
      "actionId": "feed0fb3-2523-416c-8646-1b822dce6256",
      "isGlobal": false,
      "id": "ec3d55d3-de17-4862-834f-4157f697a718",
      "displayName": "",
      "createdTime": "2023-05-10T14:45:35.376Z",
      "updatedTime": "2023-05-10T16:51:02.0031658Z",
      "createdUserId": "user-0",
      "updatedUserId": "86a6ef45-2c6e-4b86-b6ac-8bf9373ce4fe"
    },
    {
      "systemType": "String",
      "initializerType": "Expression",
      "scope": "Dialog",
      "greedySlotFillingEnabled": false,
      "isInput": false,
      "externalInitializationAllowed": false,
      "expression": "@parameters('ec3d55d3-de17-4862-834f-4157f697a718')['result']",
      "isGlobal": false,
      "id": "f8d22a93-e329-4220-9264-50f4239de202",
      "displayName": "result2",
      "createdTime": "2023-05-10T14:45:35.376Z",
      "updatedTime": "2023-05-10T16:51:02.003166Z",
      "createdUserId": "user-0",
      "updatedUserId": "86a6ef45-2c6e-4b86-b6ac-8bf9373ce4fe"
    }
  ],
  "jsonTypes": [
    {
      "customTypeSchema": "Json",
      "id": "3cea7ccc-0687-4681-8082-8f06764b54bf",
      "displayName": "Response Json Type for Flow - GetQuestionsAndAnswers",
      "createdTime": "2023-05-10T00:52:15.401Z",
      "updatedTime": "2023-05-10T00:52:15.401Z"
    },
    {
      "customTypeSchema": "Json",
      "id": "048fba10-2710-4c3d-a619-c9d39bb7fc20",
      "displayName": "Response Json Type for Flow - GetQuestionsAndAnswers",
      "createdTime": "2023-05-10T14:45:35.376Z",
      "updatedTime": "2023-05-10T14:45:35.376Z"
    }
  ]
}