{
  "properties": {
    "connectionReferences": {
      "shared_sharepointonline": {
        "runtimeSource": "embedded",
        "connection": {
          "connectionReferenceLogicalName": "new_sharedsharepointonline_eb733"
        },
        "api": {
          "name": "shared_sharepointonline"
        }
      }
    },
    "definition": {
      "$schema": "https://schema.management.azure.com/providers/Microsoft.Logic/schemas/2016-06-01/workflowdefinition.json#",
      "contentVersion": "1.0.0.0",
      "parameters": {
        "$connections": {
          "defaultValue": {},
          "type": "Object"
        },
        "$authentication": {
          "defaultValue": {},
          "type": "SecureObject"
        }
      },
      "triggers": {
        "manual": {
          "metadata": {
            "operationMetadataId": "a6d8e02d-065f-4d17-bf03-2f000b8ce1ad"
          },
          "type": "Request",
          "kind": "VirtualAgent",
          "inputs": {
            "schema": {
              "type": "object",
              "properties": {
                "text": {
                  "title": "Question",
                  "type": "string",
                  "x-ms-dynamically-added": true,
                  "description": "Please enter your input",
                  "x-ms-content-hint": "TEXT"
                },
                "text_2": {
                  "title": "Category",
                  "type": "string",
                  "x-ms-dynamically-added": true,
                  "description": "Please enter your input",
                  "x-ms-content-hint": "TEXT"
                },
                "text_1": {
                  "title": "User",
                  "type": "string",
                  "x-ms-dynamically-added": true,
                  "description": "Please enter your input",
                  "x-ms-content-hint": "TEXT"
                },
                "text_3": {
                  "title": "Email",
                  "type": "string",
                  "x-ms-dynamically-added": true,
                  "description": "Please enter your input",
                  "x-ms-content-hint": "TEXT"
                }
              },
              "required": [
                "text",
                "text_2",
                "text_1",
                "text_3"
              ]
            }
          }
        }
      },
      "actions": {
        "Return_value(s)_to_Power_Virtual_Agents": {
          "runAfter": {
            "Compose": [
              "Succeeded"
            ]
          },
          "metadata": {
            "operationMetadataId": "ccdcfe11-d3a3-4c1a-b2cc-e571c95ebd72"
          },
          "type": "Response",
          "kind": "VirtualAgent",
          "inputs": {
            "statusCode": 200,
            "body": {
              "result": "@{outputs('Compose')}"
            },
            "schema": {
              "type": "object",
              "properties": {
                "result": {
                  "title": "result",
                  "x-ms-dynamically-added": true,
                  "type": "string"
                }
              }
            }
          }
        },
        "GetIdOfCategoryInSpecialistsList": {
          "runAfter": {},
          "metadata": {
            "operationMetadataId": "57f44291-7592-4a15-8477-b929f6b49200"
          },
          "type": "OpenApiConnection",
          "inputs": {
            "host": {
              "connectionName": "shared_sharepointonline",
              "operationId": "GetItems",
              "apiId": "/providers/Microsoft.PowerApps/apis/shared_sharepointonline"
            },
            "parameters": {
              "dataset": "https://wearedevo1978.sharepoint.com",
              "table": "2b0e10a3-b4a7-450c-9af8-a86c412b9682",
              "$filter": "Title eq '@{triggerBody()['text_2']}'"
            },
            "authentication": "@parameters('$authentication')"
          }
        },
        "GetSpecialistId": {
          "runAfter": {
            "GetIdOfCategoryInSpecialistsList": [
              "Succeeded"
            ]
          },
          "metadata": {
            "operationMetadataId": "51e746aa-ffb8-47da-bfd2-165b4ec9969c"
          },
          "type": "Compose",
          "inputs": "@first(outputs('GetIdOfCategoryInSpecialistsList')?['body/value']).ID"
        },
        "Create_item_3": {
          "runAfter": {
            "GetSpecialistId": [
              "Succeeded"
            ]
          },
          "metadata": {
            "operationMetadataId": "f5ccbee2-8e21-4ae6-9e17-51506e7d58e8"
          },
          "type": "OpenApiConnection",
          "inputs": {
            "host": {
              "connectionName": "shared_sharepointonline",
              "operationId": "PostItem",
              "apiId": "/providers/Microsoft.PowerApps/apis/shared_sharepointonline"
            },
            "parameters": {
              "dataset": "https://wearedevo1978.sharepoint.com",
              "table": "@concat('Escalated Questions', ' ', triggerBody()['text_2'])",
              "item": {
                "Title": "@{triggerBody()['text_2']}",
                "field_2": "@{triggerBody()['text']}",
                "field_4": "@{triggerBody()['text_1']}",
                "field_5": "@{triggerBody()['text_3']}"
              }
            },
            "authentication": "@parameters('$authentication')"
          }
        },
        "Compose": {
          "runAfter": {
            "Create_item_3": [
              "Succeeded"
            ]
          },
          "metadata": {
            "operationMetadataId": "b279fbc5-dfe8-4559-8cd1-f580d64fed61"
          },
          "type": "Compose",
          "inputs": "@outputs('Create_item_3')?['body/ID']"
        }
      },
      "outputs": {}
    },
    "templateName": "c9cd2c4e691a4646adc8aa592c88489b"
  },
  "schemaVersion": "1.0.0.0"
}