{
  "properties": {
    "connectionReferences": {
      "shared_sharepointonline": {
        "runtimeSource": "embedded",
        "connection": {
          "connectionReferenceLogicalName": "new_sharedsharepointonline_eb733"
        },
        "api": {
          "name": "shared_sharepointonline"
        }
      }
    },
    "definition": {
      "$schema": "https://schema.management.azure.com/providers/Microsoft.Logic/schemas/2016-06-01/workflowdefinition.json#",
      "contentVersion": "1.0.0.0",
      "parameters": {
        "$connections": {
          "defaultValue": {},
          "type": "Object"
        },
        "$authentication": {
          "defaultValue": {},
          "type": "SecureObject"
        }
      },
      "triggers": {
        "manual": {
          "metadata": {
            "operationMetadataId": "f9ec3809-7597-4503-a88b-4c26eb1491d0"
          },
          "type": "Request",
          "kind": "VirtualAgent",
          "inputs": {
            "schema": {
              "type": "object",
              "properties": {
                "text": {
                  "title": "Category",
                  "type": "string",
                  "x-ms-dynamically-added": true,
                  "description": "Please enter your input",
                  "x-ms-content-hint": "TEXT"
                },
                "text_1": {
                  "title": "SubCategory",
                  "type": "string",
                  "x-ms-dynamically-added": true,
                  "description": "Please enter your input",
                  "x-ms-content-hint": "TEXT"
                }
              },
              "required": [
                "text",
                "text_1"
              ]
            }
          }
        }
      },
      "actions": {
        "Return_value(s)_to_Power_Virtual_Agents": {
          "runAfter": {
            "Compose": [
              "Succeeded"
            ]
          },
          "metadata": {
            "operationMetadataId": "853ec623-1e81-4e82-abfd-e9a2d1a2d0a9"
          },
          "type": "Response",
          "kind": "VirtualAgent",
          "inputs": {
            "statusCode": 200,
            "body": {
              "result": "@variables('strResult')"
            },
            "schema": {
              "type": "object",
              "properties": {
                "result": {
                  "title": "result",
                  "x-ms-dynamically-added": true,
                  "type": "string"
                }
              }
            }
          }
        },
        "Compose": {
          "runAfter": {
            "Apply_to_each": [
              "Succeeded"
            ]
          },
          "metadata": {
            "operationMetadataId": "1abda71e-4453-4ae9-b7b0-e933412cea2a"
          },
          "type": "Compose",
          "inputs": "@body('Get_items')"
        },
        "Get_items": {
          "runAfter": {
            "ListName": [
              "Succeeded"
            ]
          },
          "metadata": {
            "operationMetadataId": "6161dac1-06ad-4bfc-bb13-4f5fba1009b3"
          },
          "type": "OpenApiConnection",
          "inputs": {
            "host": {
              "connectionName": "shared_sharepointonline",
              "operationId": "GetItems",
              "apiId": "/providers/Microsoft.PowerApps/apis/shared_sharepointonline"
            },
            "parameters": {
              "dataset": "https://wearedevo1978.sharepoint.com",
              "table": "@outputs('ListName')",
              "$filter": "Title eq '@{triggerBody()['text_1']}'"
            },
            "authentication": "@parameters('$authentication')"
          }
        },
        "Initialize_variable": {
          "runAfter": {
            "Get_items": [
              "Succeeded"
            ]
          },
          "metadata": {
            "operationMetadataId": "b54656a6-fa37-41a0-8202-fff31af623c5"
          },
          "type": "InitializeVariable",
          "inputs": {
            "variables": [
              {
                "name": "strResult",
                "type": "string"
              }
            ]
          }
        },
        "Apply_to_each": {
          "foreach": "@outputs('Get_items')?['body/value']",
          "actions": {
            "Append_to_string_variable": {
              "runAfter": {},
              "metadata": {
                "operationMetadataId": "6314c872-b700-4efc-94ca-851e5737ae44"
              },
              "type": "AppendToStringVariable",
              "inputs": {
                "name": "strResult",
                "value": "@concat(decodeUriComponent('%0D%0A'),'Q: ',items('Apply_to_each')?['field_1'])"
              }
            },
            "Append_to_string_variable_2": {
              "runAfter": {
                "Append_to_string_variable": [
                  "Succeeded"
                ]
              },
              "metadata": {
                "operationMetadataId": "79dc5882-5111-4023-9fcd-97d73b35d6c0"
              },
              "type": "AppendToStringVariable",
              "inputs": {
                "name": "strResult",
                "value": "@decodeUriComponent('%0D%0A')"
              }
            },
            "Append_to_string_variable_3": {
              "runAfter": {
                "Append_to_string_variable_2": [
                  "Succeeded"
                ]
              },
              "metadata": {
                "operationMetadataId": "711607d1-35e3-43df-bfbd-30641c134385"
              },
              "type": "AppendToStringVariable",
              "inputs": {
                "name": "strResult",
                "value": "@concat('A: ',items('Apply_to_each')?['Field_2'])"
              }
            },
            "Append_to_string_variable_4": {
              "runAfter": {
                "Append_to_string_variable_3": [
                  "Succeeded"
                ]
              },
              "metadata": {
                "operationMetadataId": "79dc5882-5111-4023-9fcd-97d73b35d6c0"
              },
              "type": "AppendToStringVariable",
              "inputs": {
                "name": "strResult",
                "value": "@concat(decodeUriComponent('%0D%0A'),decodeUriComponent('%0D%0A'))"
              }
            }
          },
          "runAfter": {
            "Initialize_variable": [
              "Succeeded"
            ]
          },
          "metadata": {
            "operationMetadataId": "d0c98a09-276e-4c17-8f41-37debc23de7b"
          },
          "type": "Foreach"
        },
        "ListName": {
          "runAfter": {},
          "metadata": {
            "operationMetadataId": "59c7d831-2f72-4afa-836e-05fd2818b886"
          },
          "type": "Compose",
          "inputs": "@concat('Contoso FAQ',' ',triggerBody()['text'])"
        }
      },
      "outputs": {}
    },
    "templateName": "c9cd2c4e691a4646adc8aa592c88489b"
  },
  "schemaVersion": "1.0.0.0"
}