{
  "properties": {
    "connectionReferences": {
      "shared_teams": {
        "runtimeSource": "embedded",
        "connection": {
          "connectionReferenceLogicalName": "msappcon_sharedteams_41f44"
        },
        "api": {
          "name": "shared_teams"
        }
      },
      "shared_office365": {
        "runtimeSource": "embedded",
        "connection": {
          "connectionReferenceLogicalName": "msappcon_sharedoffice365_f8956"
        },
        "api": {
          "name": "shared_office365"
        }
      },
      "shared_sharepointonline": {
        "runtimeSource": "embedded",
        "connection": {
          "connectionReferenceLogicalName": "new_sharedsharepointonline_eb733"
        },
        "api": {
          "name": "shared_sharepointonline"
        }
      },
      "shared_office365users": {
        "runtimeSource": "embedded",
        "connection": {
          "connectionReferenceLogicalName": "cr97c_sharedoffice365users_189ef"
        },
        "api": {
          "name": "shared_office365users"
        }
      }
    },
    "definition": {
      "$schema": "https://schema.management.azure.com/providers/Microsoft.Logic/schemas/2016-06-01/workflowdefinition.json#",
      "contentVersion": "1.0.0.0",
      "parameters": {
        "$connections": {
          "defaultValue": {},
          "type": "Object"
        },
        "$authentication": {
          "defaultValue": {},
          "type": "SecureObject"
        }
      },
      "triggers": {
        "manual": {
          "metadata": {
            "operationMetadataId": "248b34c0-9cf9-4ce8-b5b2-d4acc37bb996"
          },
          "type": "Request",
          "kind": "VirtualAgent",
          "inputs": {
            "schema": {
              "type": "object",
              "properties": {
                "text": {
                  "title": "questionId",
                  "type": "string",
                  "x-ms-dynamically-added": true,
                  "description": "Please enter your input",
                  "x-ms-content-hint": "TEXT"
                },
                "text_1": {
                  "title": "questionText",
                  "type": "string",
                  "x-ms-dynamically-added": true,
                  "description": "Please enter your input",
                  "x-ms-content-hint": "TEXT"
                },
                "text_2": {
                  "title": "category",
                  "type": "string",
                  "x-ms-dynamically-added": true,
                  "description": "Please enter your input",
                  "x-ms-content-hint": "TEXT"
                }
              },
              "required": [
                "text",
                "text_1",
                "text_2"
              ]
            }
          }
        }
      },
      "actions": {
        "List_channels": {
          "runAfter": {},
          "metadata": {
            "operationMetadataId": "db31c3c3-aeee-4af4-ab95-002cc95f7692"
          },
          "type": "OpenApiConnection",
          "inputs": {
            "host": {
              "connectionName": "shared_teams",
              "operationId": "GetChannelsForGroup",
              "apiId": "/providers/Microsoft.PowerApps/apis/shared_teams"
            },
            "parameters": {
              "groupId": "10f16d10-91d1-4bc0-afa6-de13d14d5255"
            },
            "authentication": "@parameters('$authentication')"
          }
        },
        "Initialize_variable": {
          "runAfter": {
            "List_channels": [
              "Succeeded"
            ]
          },
          "metadata": {
            "operationMetadataId": "88fdba62-2344-4e29-96a5-d9accd680caf"
          },
          "type": "InitializeVariable",
          "inputs": {
            "variables": [
              {
                "name": "ChannelId",
                "type": "string"
              }
            ]
          }
        },
        "Apply_to_each": {
          "foreach": "@outputs('List_channels')?['body/value']",
          "actions": {
            "Condition": {
              "actions": {
                "Set_variable": {
                  "runAfter": {},
                  "metadata": {
                    "operationMetadataId": "6d0ed1fc-ac89-4ab9-bc42-d61f903c07ae"
                  },
                  "type": "SetVariable",
                  "inputs": {
                    "name": "ChannelId",
                    "value": "@items('Apply_to_each')?['id']"
                  }
                }
              },
              "runAfter": {},
              "expression": {
                "equals": [
                  "@items('Apply_to_each')?['displayName']",
                  "@triggerBody()['text_2']"
                ]
              },
              "metadata": {
                "operationMetadataId": "37996513-9cf9-4cc9-8dd9-50d3389e5e64"
              },
              "type": "If"
            }
          },
          "runAfter": {
            "Initialize_variable": [
              "Succeeded"
            ]
          },
          "metadata": {
            "operationMetadataId": "a9e6d0fc-bdbd-4e79-b696-b3875d4f3095"
          },
          "type": "Foreach"
        },
        "Post_adaptive_card_and_wait_for_a_response": {
          "runAfter": {
            "Apply_to_each": [
              "Succeeded"
            ]
          },
          "limit": {
            "timeout": "PT48H"
          },
          "metadata": {
            "operationMetadataId": "1c2e05c0-1f62-4dbe-b5b9-2ff1b9e88c9f"
          },
          "type": "OpenApiConnectionWebhook",
          "inputs": {
            "host": {
              "connectionName": "shared_teams",
              "operationId": "PostCardAndWaitForResponse",
              "apiId": "/providers/Microsoft.PowerApps/apis/shared_teams"
            },
            "parameters": {
              "poster": "Flow bot",
              "location": "Channel",
              "body/body/messageBody": "{\n    \"type\": \"AdaptiveCard\",\n    \"$schema\": \"http://adaptivecards.io/schemas/adaptive-card.json\",\n    \"version\": \"1.4\",\n    \"body\": [\n        {\n    \"type\": \"TextBlock\",\n    \"text\": \"Escalation Request\",\n    \"id\": \"Title\",\n    \"spacing\": \"Medium\",\n    \"horizontalAlignment\": \"Center\",\n    \"size\": \"ExtraLarge\",\n    \"weight\": \"Bolder\",\n    \"color\": \"Accent\"\n        },\n        {\n    \"type\": \"TextBlock\",\n    \"text\": \"Question\",\n    \"weight\": \"Bolder\",\n    \"size\": \"ExtraLarge\",\n    \"spacing\": \"None\",\n    \"id\": \"acQHeader\"\n        },\n        {\n    \"type\": \"TextBlock\",\n    \"text\": \"@{triggerBody()['text_1']}\",\n    \"id\": \"idQuestion\",\n            \"wrap\": true\n        },\n        {\n    \"type\": \"TextBlock\",\n    \"text\": \"Answer\",\n    \"weight\": \"Bolder\",\n    \"size\": \"ExtraLarge\",\n    \"spacing\": \"None\",\n    \"id\": \"acAHeader\"\n        },\n        {\n    \"type\": \"Input.Text\",\n    \"placeholder\": \"If you know the answer to the question, please submit it here.\",\n    \"id\": \"idAnswer\",\n    \"style\": \"expanded\"\n        }\n    ],\n    \"actions\": [\n        {\n    \"type\": \"Action.Submit\",\n    \"title\": \"Submit\",\n    \"id\": \"btnSubmit\"\n        }\n \n    ]\n}",
              "body/body/updateMessage": "Thanks for your response!",
              "body/body/recipient/groupId": "10f16d10-91d1-4bc0-afa6-de13d14d5255",
              "body/body/recipient/channelId": "@variables('channelId')"
            },
            "authentication": "@parameters('$authentication')"
          }
        },
        "Compose": {
          "runAfter": {
            "Post_adaptive_card_and_wait_for_a_response": [
              "Succeeded"
            ]
          },
          "metadata": {
            "operationMetadataId": "e3f9f931-696f-4998-a203-234f07a05909"
          },
          "type": "Compose",
          "inputs": "@outputs('Post_adaptive_card_and_wait_for_a_response')?['body/data/idAnswer']"
        },
        "Send_an_email_(V2)": {
          "runAfter": {
            "ComposeEmail": [
              "Succeeded"
            ]
          },
          "metadata": {
            "operationMetadataId": "b49a7371-108b-4da7-976d-3c8a4e0d68a9"
          },
          "type": "OpenApiConnection",
          "inputs": {
            "host": {
              "connectionName": "shared_office365",
              "operationId": "SendEmailV2",
              "apiId": "/providers/Microsoft.PowerApps/apis/shared_office365"
            },
            "parameters": {
              "emailMessage/To": "@outputs('SpecialistEmail')",
              "emailMessage/Subject": "Escalated Question for @{triggerBody()['text_2']} team",
              "emailMessage/Body": "<html>\n<head>\n<meta http-equiv=\"Content-Type\" content=\"text/html; charset=utf-8\">\n<script type=\"application/adaptivecard+json\">\n@{outputs('ComposeEmail')}\n</script>\n</head>\n<body>\n<br>\nCategory: @{triggerBody()['text_2']}<br>\nQuestion: @{triggerBody()['text_1']}<br>\nEscalated Questions Link: <a href=\"https://wearedevo1978.sharepoint.com/Lists/@{concat('Escalated Questions',' ',triggerBody()['text_2'])}\">Escalated Questions List</a><br>\nThank you.</p>\n</body>\n</html>",
              "emailMessage/Importance": "Normal"
            },
            "authentication": "@parameters('$authentication')"
          }
        },
        "Get_items": {
          "runAfter": {
            "Post_adaptive_card_and_wait_for_a_response": [
              "TimedOut",
              "Skipped",
              "Failed"
            ]
          },
          "metadata": {
            "operationMetadataId": "eff122f5-7070-4ebd-b652-fa8bf1a72690"
          },
          "type": "OpenApiConnection",
          "inputs": {
            "host": {
              "connectionName": "shared_sharepointonline",
              "operationId": "GetItems",
              "apiId": "/providers/Microsoft.PowerApps/apis/shared_sharepointonline"
            },
            "parameters": {
              "dataset": "https://wearedevo1978.sharepoint.com",
              "table": "2b0e10a3-b4a7-450c-9af8-a86c412b9682",
              "$filter": "Title eq '@{triggerBody()['text_2']}'"
            },
            "authentication": "@parameters('$authentication')"
          }
        },
        "SpecialistEmail": {
          "runAfter": {
            "Get_items": [
              "Succeeded"
            ]
          },
          "metadata": {
            "operationMetadataId": "a2194d31-d924-4062-a518-eb3ed97ad51d"
          },
          "type": "Compose",
          "inputs": "@first(outputs('Get_items')?['body/value']).EMail"
        },
        "ComposeEmail": {
          "runAfter": {
            "ComposePostBody_2": [
              "Succeeded"
            ]
          },
          "metadata": {
            "operationMetadataId": "b6c509df-cf93-45ae-93fb-ef08c62de1aa"
          },
          "type": "Compose",
          "inputs": {
            "type": "AdaptiveCard",
            "$schema": "http://adaptivecards.io/schemas/adaptive-card.json",
            "originator": "a697f6e8-3d8b-4f96-96e4-edc76aaf9b31",
            "version": "1.0",
            "body": [
              {
                "type": "TextBlock",
                "text": "Escalation Request",
                "id": "Title",
                "spacing": "Medium",
                "horizontalAlignment": "Center",
                "size": "ExtraLarge",
                "weight": "Bolder",
                "color": "Accent"
              },
              {
                "type": "TextBlock",
                "text": "The following unanswered question is still pending and you have been identified as the specialist for this area.",
                "wrap": true,
                "spacing": "None",
                "id": "acIntro"
              },
              {
                "type": "TextBlock",
                "text": "Question",
                "weight": "Bolder",
                "size": "ExtraLarge",
                "spacing": "None",
                "id": "acQHeader"
              },
              {
                "type": "TextBlock",
                "text": "@{triggerBody()['text_1']}",
                "id": "idQuestion",
                "wrap": true
              },
              {
                "type": "TextBlock",
                "text": "Answer",
                "weight": "Bolder",
                "size": "ExtraLarge",
                "spacing": "None",
                "id": "acAHeader"
              },
              {
                "type": "Input.Text",
                "placeholder": "If you know the answer to the question, please submit it here.",
                "id": "idAnswer"
              },
              {
                "type": "TextBlock",
                "text": "@{triggerBody()['text']}",
                "wrap": true,
                "id": "idQuestionNumber",
                "isVisible": false
              },
              {
                "type": "ActionSet",
                "actions": [
                  {
                    "type": "Action.Http",
                    "title": "Submit Answer",
                    "method": "POST",
                    "body": "{@{outputs('ComposePostBody')}}",
                    "url": "https://prod-13.westus.logic.azure.com:443/workflows/e9c1a9c569674ebb87489408eca57947/triggers/manual/paths/invoke?api-version=2016-06-01&sp=%2Ftriggers%2Fmanual%2Frun&sv=1.0&sig=IcEi0ue6HLLOOnpYtPW6LYyr_YMj65rF7EkIkuCG56s",
                    "headers": [
                      {
                        "name": "Authorization",
                        "value": ""
                      },
                      {
                        "name": "Content-Type",
                        "value": "application/json"
                      }
                    ]
                  }
                ]
              }
            ]
          }
        },
        "ComposePostBody": {
          "runAfter": {
            "SpecialistEmail": [
              "Succeeded"
            ]
          },
          "metadata": {
            "operationMetadataId": "c9ac54b0-caf6-42a7-82e3-ded60155fa64"
          },
          "type": "Compose",
          "inputs": "\n    \"categoryText\": \"@{first(outputs('Get_items')?['body/value']).Title}\",\n    \"answerText\": \"{{idAnswer.value}}\",\n    \"questionId\":\"@{triggerBody()['text']}\",\n    \"answeredBy\": \"@{outputs('SpecialistEmail')}\"\n  "
        },
        "Post_message_in_a_chat_or_channel": {
          "runAfter": {
            "Get_user_profile_(V2)": [
              "Succeeded"
            ]
          },
          "metadata": {
            "operationMetadataId": "5d5db618-8662-4e1e-9298-d81dd7ac82f0"
          },
          "type": "OpenApiConnection",
          "inputs": {
            "host": {
              "connectionName": "shared_teams",
              "operationId": "PostMessageToConversation",
              "apiId": "/providers/Microsoft.PowerApps/apis/shared_teams"
            },
            "parameters": {
              "poster": "Power Virtual Agents",
              "location": "powerva",
              "body/bot": "new_bot_aa8979c8a54148c29331a27a719706c9",
              "body/recipient": "@{outputs('Get_user_profile_(V2)')?['body/mail']};;",
              "body/messageBody": "<p>Hi @{outputs('Get_user_profile_(V2)')?['body/displayName']}-<br>\nThanks for submitting your question! It has been answered by: @{outputs('Get_item')?['body/field_7']}.<br>\n<br>\nQuestion: <strong>&nbsp;</strong><strong>@{outputs('Get_item')?['body/field_2']}</strong><strong></strong><br>\nAnswer: <strong>&nbsp;</strong><strong>@{outputs('Get_item')?['body/field_3']}</strong><strong></strong><br>\n<br>\nThank you.</p>",
              "body/attribution": true,
              "body/activeChat": "Send",
              "body/installedError": "Fail"
            },
            "authentication": "@parameters('$authentication')"
          }
        },
        "Get_item": {
          "runAfter": {
            "Update_item_2": [
              "Succeeded"
            ]
          },
          "metadata": {
            "operationMetadataId": "9c2ccefd-72ce-4b89-bf88-866177961309"
          },
          "type": "OpenApiConnection",
          "inputs": {
            "host": {
              "connectionName": "shared_sharepointonline",
              "operationId": "GetItem",
              "apiId": "/providers/Microsoft.PowerApps/apis/shared_sharepointonline"
            },
            "parameters": {
              "dataset": "https://wearedevo1978.sharepoint.com",
              "table": "@concat('Escalated Questions',' ',triggerBody()['text_2'])",
              "id": "@triggerBody()['text']"
            },
            "authentication": "@parameters('$authentication')"
          }
        },
        "Get_user_profile_(V2)": {
          "runAfter": {
            "Get_item": [
              "Succeeded"
            ]
          },
          "metadata": {
            "operationMetadataId": "7dd734fe-9202-4116-8abb-f91396d6e1df"
          },
          "type": "OpenApiConnection",
          "inputs": {
            "host": {
              "connectionName": "shared_office365users",
              "operationId": "UserProfile_V2",
              "apiId": "/providers/Microsoft.PowerApps/apis/shared_office365users"
            },
            "parameters": {
              "id": "@outputs('Get_item')?['body/field_5']"
            },
            "authentication": "@parameters('$authentication')"
          }
        },
        "Update_item_2": {
          "runAfter": {
            "Compose_2": [
              "Succeeded"
            ]
          },
          "metadata": {
            "operationMetadataId": "817c6833-bb4c-4fe6-b3f2-1a3c7b79520a"
          },
          "type": "OpenApiConnection",
          "inputs": {
            "host": {
              "connectionName": "shared_sharepointonline",
              "operationId": "PatchItem",
              "apiId": "/providers/Microsoft.PowerApps/apis/shared_sharepointonline"
            },
            "parameters": {
              "dataset": "https://wearedevo1978.sharepoint.com",
              "table": "@concat('Escalated Questions',' ',triggerBody()['text_2'])",
              "id": "@triggerBody()['text']",
              "item": "@outputs('Compose_2')"
            },
            "authentication": "@parameters('$authentication')"
          }
        },
        "Get_item_2": {
          "runAfter": {
            "Compose": [
              "Succeeded"
            ]
          },
          "metadata": {
            "operationMetadataId": "9c2ccefd-72ce-4b89-bf88-866177961309"
          },
          "type": "OpenApiConnection",
          "inputs": {
            "host": {
              "connectionName": "shared_sharepointonline",
              "operationId": "GetItem",
              "apiId": "/providers/Microsoft.PowerApps/apis/shared_sharepointonline"
            },
            "parameters": {
              "dataset": "https://wearedevo1978.sharepoint.com",
              "table": "@concat('Escalated Questions',' ',triggerBody()['text_2'])",
              "id": "@triggerBody()['text']"
            },
            "authentication": "@parameters('$authentication')"
          }
        },
        "Compose_2": {
          "runAfter": {
            "Get_item_2": [
              "Succeeded"
            ]
          },
          "metadata": {
            "operationMetadataId": "c4f7de37-991d-41ea-8d99-6738aa8c2d52"
          },
          "type": "Compose",
          "inputs": {
            "field_3": "@{outputs('Compose')}",
            "field_6": "@utcNow()",
            "field_7": "@{outputs('Post_adaptive_card_and_wait_for_a_response')?['body/responder/displayName']}"
          }
        },
        "ComposePostBody_2": {
          "runAfter": {
            "ComposePostBody": [
              "Succeeded"
            ]
          },
          "metadata": {
            "operationMetadataId": "c9ac54b0-caf6-42a7-82e3-ded60155fa64"
          },
          "type": "Compose",
          "inputs": "@string('')"
        }
      },
      "outputs": {}
    },
    "templateName": "c9cd2c4e691a4646adc8aa592c88489b"
  },
  "schemaVersion": "1.0.0.0"
}