{
  "properties": {
    "connectionReferences": {
      "shared_sharepointonline": {
        "runtimeSource": "embedded",
        "connection": {
          "connectionReferenceLogicalName": "new_sharedsharepointonline_eb733"
        },
        "api": {
          "name": "shared_sharepointonline"
        }
      },
      "shared_office365users": {
        "runtimeSource": "embedded",
        "connection": {
          "connectionReferenceLogicalName": "crba3_sharedoffice365users_56eda"
        },
        "api": {
          "name": "shared_office365users"
        }
      },
      "shared_teams": {
        "runtimeSource": "embedded",
        "connection": {
          "connectionReferenceLogicalName": "crba3_sharedteams_93a9a"
        },
        "api": {
          "name": "shared_teams"
        }
      }
    },
    "definition": {
      "$schema": "https://schema.management.azure.com/providers/Microsoft.Logic/schemas/2016-06-01/workflowdefinition.json#",
      "contentVersion": "1.0.0.0",
      "parameters": {
        "$connections": {
          "defaultValue": {},
          "type": "Object"
        },
        "$authentication": {
          "defaultValue": {},
          "type": "SecureObject"
        }
      },
      "triggers": {
        "manual": {
          "metadata": {
            "operationMetadataId": "06f5fbc8-aea4-4baa-a610-801a0d531053"
          },
          "type": "Request",
          "kind": "Http",
          "inputs": {
            "schema": {
              "type": "object",
              "properties": {
                "categoryText": {
                  "type": "string"
                },
                "answerText": {
                  "type": "string"
                },
                "questionId": {
                  "type": "string"
                },
                "answeredBy": {
                  "type": "string"
                }
              }
            }
          }
        }
      },
      "actions": {
        "Compose": {
          "runAfter": {},
          "metadata": {
            "operationMetadataId": "7f3d685d-92b0-476b-84a6-77cfb0ea723a"
          },
          "type": "Compose",
          "inputs": "@triggerBody()?['answerText']"
        },
        "Response": {
          "runAfter": {
            "Post_message_in_a_chat_or_channel": [
              "Succeeded"
            ]
          },
          "metadata": {
            "operationMetadataId": "f74453e4-a97e-44e8-87ff-064c2f059e5d"
          },
          "type": "Response",
          "kind": "Http",
          "inputs": {
            "statusCode": 200
          }
        },
        "Update_item_2": {
          "runAfter": {
            "Compose": [
              "Succeeded"
            ]
          },
          "metadata": {
            "operationMetadataId": "43bc8d0e-0588-459a-885c-758e9256c541"
          },
          "type": "OpenApiConnection",
          "inputs": {
            "host": {
              "connectionName": "shared_sharepointonline",
              "operationId": "PatchItem",
              "apiId": "/providers/Microsoft.PowerApps/apis/shared_sharepointonline"
            },
            "parameters": {
              "dataset": "https://wearedevo1978.sharepoint.com",
              "table": "@concat('Escalated Questions', ' ', triggerBody()?['categoryText'])",
              "id": "@triggerBody()?['questionId']",
              "item": {
                "field_3": "@{outputs('Compose')}",
                "field_6": "@utcNow()",
                "field_7": "@{triggerBody()?['answeredBy']}"
              }
            },
            "authentication": "@parameters('$authentication')"
          }
        },
        "Get_item": {
          "runAfter": {
            "Update_item_2": [
              "Succeeded"
            ]
          },
          "metadata": {
            "operationMetadataId": "9c2ccefd-72ce-4b89-bf88-866177961309"
          },
          "type": "OpenApiConnection",
          "inputs": {
            "host": {
              "connectionName": "shared_sharepointonline",
              "operationId": "GetItem",
              "apiId": "/providers/Microsoft.PowerApps/apis/shared_sharepointonline"
            },
            "parameters": {
              "dataset": "https://wearedevo1978.sharepoint.com",
              "table": "@concat('Escalated Questions', ' ', triggerBody()?['categoryText'])",
              "id": "@triggerBody()?['questionId']"
            },
            "authentication": "@parameters('$authentication')"
          }
        },
        "Get_user_profile_(V2)": {
          "runAfter": {
            "Get_item": [
              "Succeeded"
            ]
          },
          "metadata": {
            "operationMetadataId": "7dd734fe-9202-4116-8abb-f91396d6e1df"
          },
          "type": "OpenApiConnection",
          "inputs": {
            "host": {
              "connectionName": "shared_office365users",
              "operationId": "UserProfile_V2",
              "apiId": "/providers/Microsoft.PowerApps/apis/shared_office365users"
            },
            "parameters": {
              "id": "@outputs('Get_item')?['body/field_5']"
            },
            "authentication": "@parameters('$authentication')"
          }
        },
        "Post_message_in_a_chat_or_channel": {
          "runAfter": {
            "Get_user_profile_(V2)": [
              "Succeeded"
            ]
          },
          "metadata": {
            "operationMetadataId": "5d5db618-8662-4e1e-9298-d81dd7ac82f0"
          },
          "type": "OpenApiConnection",
          "inputs": {
            "host": {
              "connectionName": "shared_teams",
              "operationId": "PostMessageToConversation",
              "apiId": "/providers/Microsoft.PowerApps/apis/shared_teams"
            },
            "parameters": {
              "poster": "Power Virtual Agents",
              "location": "powerva",
              "body/bot": "new_bot_aa8979c8a54148c29331a27a719706c9",
              "body/recipient": "@{outputs('Get_user_profile_(V2)')?['body/mail']};;",
              "body/messageBody": "<p>Hi @{outputs('Get_user_profile_(V2)')?['body/displayName']}-<br>\nThanks for submitting your question! It has been answered by: @{outputs('Get_item')?['body/field_7']}.<br>\n<br>\nQuestion: <strong>&nbsp;</strong><strong>@{outputs('Get_item')?['body/field_2']}</strong><strong></strong><br>\nAnswer: <strong>&nbsp;</strong><strong>@{outputs('Get_item')?['body/field_3']}</strong><strong></strong><br>\n<br>\nThank you.</p>",
              "body/attribution": true,
              "body/activeChat": "Send",
              "body/installedError": "Fail"
            },
            "authentication": "@parameters('$authentication')"
          }
        }
      }
    },
    "templateName": ""
  },
  "schemaVersion": "1.0.0.0"
}