<ImportExportXml version="9.2.23041.242" SolutionPackageVersion="9.2" languagecode="1033" generatedBy="CrmLive" xmlns:xsi="http://www.w3.org/2001/XMLSchema-instance">
  <SolutionManifest>
    <UniqueName>ExportComponents9f5a5291f53e4fb5b2d6827654bf8fd8</UniqueName>
    <LocalizedNames>
      <LocalizedName description="ExportComponents9f5a5291f53e4fb5b2d6827654bf8fd8" languagecode="1033" />
    </LocalizedNames>
    <Descriptions />
    <Version>1.0</Version>
    <Managed>0</Managed>
    <Publisher>
      <UniqueName>Cr93556</UniqueName>
      <LocalizedNames>
        <LocalizedName description="CDS Default Publisher" languagecode="1033" />
      </LocalizedNames>
      <Descriptions />
      <EMailAddress xsi:nil="true"></EMailAddress>
      <SupportingWebsiteUrl xsi:nil="true"></SupportingWebsiteUrl>
      <CustomizationPrefix>cr97c</CustomizationPrefix>
      <CustomizationOptionValuePrefix>92915</CustomizationOptionValuePrefix>
    </Publisher>
    <RootComponents>
      <RootComponent type="29" id="{0769d4b9-61e8-ed11-a7c6-000d3a1b9743}" behavior="0" />
      <RootComponent type="29" id="{ac481896-e2de-ed11-a7c7-000d3a1b9743}" behavior="0" />
      <RootComponent type="29" id="{df7b86f3-56e8-ed11-a7c6-000d3a1b9743}" behavior="0" />
      <RootComponent type="29" id="{f1931b3d-23e6-ed11-a7c7-000d3a1b9743}" behavior="0" />
    </RootComponents>
    <MissingDependencies />
  </SolutionManifest>
</ImportExportXml>