<bot_botcomponentset>
  <bot_botcomponent botcomponentid.schemaname="new_customtype_aa8979c8a54148c29331a27a719706c9_92610204747047ac8f788f7eecd91118" botid.schemaname="new_bot_aa8979c8a54148c29331a27a719706c9">
    <iscustomizable>1</iscustomizable>
  </bot_botcomponent>
  <bot_botcomponent botcomponentid.schemaname="new_customtype_aa8979c8a54148c29331a27a719706c9_f86fcadfd497444e91ed11c12b059d10" botid.schemaname="new_bot_aa8979c8a54148c29331a27a719706c9">
    <iscustomizable>1</iscustomizable>
  </bot_botcomponent>
  <bot_botcomponent botcomponentid.schemaname="new_topic_608c1f7222c3484b9b952a2db002a2e1" botid.schemaname="new_bot_aa8979c8a54148c29331a27a719706c9">
    <iscustomizable>1</iscustomizable>
  </bot_botcomponent>
  <bot_botcomponent botcomponentid.schemaname="new_topic_aa8979c8a54148c29331a27a719706c9_21a34f1673a24096a99ba0effb63cc1d" botid.schemaname="new_bot_aa8979c8a54148c29331a27a719706c9">
    <iscustomizable>1</iscustomizable>
  </bot_botcomponent>
  <bot_botcomponent botcomponentid.schemaname="new_topic_aa8979c8a54148c29331a27a719706c9_33d5123770ba4daeafae51b361ddc80a" botid.schemaname="new_bot_aa8979c8a54148c29331a27a719706c9">
    <iscustomizable>1</iscustomizable>
  </bot_botcomponent>
  <bot_botcomponent botcomponentid.schemaname="new_topic_aa8979c8a54148c29331a27a719706c9_3d2584ec30914684839527e05e7be172_thankyou" botid.schemaname="new_bot_aa8979c8a54148c29331a27a719706c9">
    <iscustomizable>1</iscustomizable>
  </bot_botcomponent>
  <bot_botcomponent botcomponentid.schemaname="new_topic_aa8979c8a54148c29331a27a719706c9_85df75ce08a44a9b82cc8f3fdb25f669" botid.schemaname="new_bot_aa8979c8a54148c29331a27a719706c9">
    <iscustomizable>1</iscustomizable>
  </bot_botcomponent>
  <bot_botcomponent botcomponentid.schemaname="new_topic_aa8979c8a54148c29331a27a719706c9_8a4964498f83424bb3a86295bf7d0952_startover" botid.schemaname="new_bot_aa8979c8a54148c29331a27a719706c9">
    <iscustomizable>1</iscustomizable>
  </bot_botcomponent>
  <bot_botcomponent botcomponentid.schemaname="new_topic_aa8979c8a54148c29331a27a719706c9_954135cafcd647eaae5999ad91fc08cf_talktoagent" botid.schemaname="new_bot_aa8979c8a54148c29331a27a719706c9">
    <iscustomizable>1</iscustomizable>
  </bot_botcomponent>
  <bot_botcomponent botcomponentid.schemaname="new_topic_aa8979c8a54148c29331a27a719706c9_aeabea4d071f415c8c107e1cb7af5424_assumedsuccess" botid.schemaname="new_bot_aa8979c8a54148c29331a27a719706c9">
    <iscustomizable>1</iscustomizable>
  </bot_botcomponent>
  <bot_botcomponent botcomponentid.schemaname="new_topic_aa8979c8a54148c29331a27a719706c9_ba7b967c97ba4c39bca58a8bb6a72d59_conversationstart" botid.schemaname="new_bot_aa8979c8a54148c29331a27a719706c9">
    <iscustomizable>1</iscustomizable>
  </bot_botcomponent>
  <bot_botcomponent botcomponentid.schemaname="new_topic_aa8979c8a54148c29331a27a719706c9_d2198a5ee41a48a5bf70ab8970145a9f_confirmedfailure" botid.schemaname="new_bot_aa8979c8a54148c29331a27a719706c9">
    <iscustomizable>1</iscustomizable>
  </bot_botcomponent>
  <bot_botcomponent botcomponentid.schemaname="new_topic_aa8979c8a54148c29331a27a719706c9_db1f76b081dc43389df9dd2df7518737_confirmedsuccess" botid.schemaname="new_bot_aa8979c8a54148c29331a27a719706c9">
    <iscustomizable>1</iscustomizable>
  </bot_botcomponent>
  <bot_botcomponent botcomponentid.schemaname="new_topic_aa8979c8a54148c29331a27a719706c9_dbafebd526364487911b63a2a774389f" botid.schemaname="new_bot_aa8979c8a54148c29331a27a719706c9">
    <iscustomizable>1</iscustomizable>
  </bot_botcomponent>
  <bot_botcomponent botcomponentid.schemaname="new_topic_aa8979c8a54148c29331a27a719706c9_f56d1a3e522740c78f9fac0939332dbd_goodbye" botid.schemaname="new_bot_aa8979c8a54148c29331a27a719706c9">
    <iscustomizable>1</iscustomizable>
  </bot_botcomponent>
  <bot_botcomponent botcomponentid.schemaname="new_topic_d4513be552bc496e999ab3e5aa293cf8" botid.schemaname="new_bot_aa8979c8a54148c29331a27a719706c9">
    <iscustomizable>1</iscustomizable>
  </bot_botcomponent>
  <bot_botcomponent botcomponentid.schemaname="new_topic_ec5297af15d14d4d923150b302cec174" botid.schemaname="new_bot_aa8979c8a54148c29331a27a719706c9">
    <iscustomizable>1</iscustomizable>
  </bot_botcomponent>
  <bot_botcomponent botcomponentid.schemaname="new_variable_9092c9eb2f27449cb00852f3cfa4c94c_bc565e6ae6ec4c75a7381859fb5c4148" botid.schemaname="new_bot_aa8979c8a54148c29331a27a719706c9">
    <iscustomizable>1</iscustomizable>
  </bot_botcomponent>
  <bot_botcomponent botcomponentid.schemaname="new_variable_9092c9eb2f27449cb00852f3cfa4c94c_cbcd8115da634c8189ed5c069daf6fbc" botid.schemaname="new_bot_aa8979c8a54148c29331a27a719706c9">
    <iscustomizable>1</iscustomizable>
  </bot_botcomponent>
  <bot_botcomponent botcomponentid.schemaname="new_variable_aa8979c8a54148c29331a27a719706c9_613f8321e2c748a49c5b7be3fdcfcd9a" botid.schemaname="new_bot_aa8979c8a54148c29331a27a719706c9">
    <iscustomizable>1</iscustomizable>
  </bot_botcomponent>
</bot_botcomponentset>