<botcomponent_workflowset>
  <botcomponent_workflow botcomponentid.schemaname="new_topic_608c1f7222c3484b9b952a2db002a2e1" workflowid.workflowid="df7b86f3-56e8-ed11-a7c6-000d3a1b9743">
    <iscustomizable>1</iscustomizable>
  </botcomponent_workflow>
  <botcomponent_workflow botcomponentid.schemaname="new_topic_608c1f7222c3484b9b952a2db002a2e1" workflowid.workflowid="f1931b3d-23e6-ed11-a7c7-000d3a1b9743">
    <iscustomizable>1</iscustomizable>
  </botcomponent_workflow>
  <botcomponent_workflow botcomponentid.schemaname="new_topic_d4513be552bc496e999ab3e5aa293cf8" workflowid.workflowid="ac481896-e2de-ed11-a7c7-000d3a1b9743">
    <iscustomizable>1</iscustomizable>
  </botcomponent_workflow>
</botcomponent_workflowset>