<botcomponent_botcomponentset>
  <botcomponent_botcomponent botcomponentidone.schemaname="new_topic_608c1f7222c3484b9b952a2db002a2e1" botcomponentidtwo.schemaname="new_variable_aa8979c8a54148c29331a27a719706c9_613f8321e2c748a49c5b7be3fdcfcd9a">
    <iscustomizable>1</iscustomizable>
  </botcomponent_botcomponent>
  <botcomponent_botcomponent botcomponentidone.schemaname="new_topic_aa8979c8a54148c29331a27a719706c9_21a34f1673a24096a99ba0effb63cc1d" botcomponentidtwo.schemaname="new_topic_aa8979c8a54148c29331a27a719706c9_aeabea4d071f415c8c107e1cb7af5424_assumedsuccess">
    <iscustomizable>1</iscustomizable>
  </botcomponent_botcomponent>
  <botcomponent_botcomponent botcomponentidone.schemaname="new_topic_aa8979c8a54148c29331a27a719706c9_33d5123770ba4daeafae51b361ddc80a" botcomponentidtwo.schemaname="new_topic_aa8979c8a54148c29331a27a719706c9_aeabea4d071f415c8c107e1cb7af5424_assumedsuccess">
    <iscustomizable>1</iscustomizable>
  </botcomponent_botcomponent>
  <botcomponent_botcomponent botcomponentidone.schemaname="new_topic_aa8979c8a54148c29331a27a719706c9_85df75ce08a44a9b82cc8f3fdb25f669" botcomponentidtwo.schemaname="new_customtype_aa8979c8a54148c29331a27a719706c9_f86fcadfd497444e91ed11c12b059d10">
    <iscustomizable>1</iscustomizable>
  </botcomponent_botcomponent>
  <botcomponent_botcomponent botcomponentidone.schemaname="new_topic_aa8979c8a54148c29331a27a719706c9_85df75ce08a44a9b82cc8f3fdb25f669" botcomponentidtwo.schemaname="new_topic_aa8979c8a54148c29331a27a719706c9_aeabea4d071f415c8c107e1cb7af5424_assumedsuccess">
    <iscustomizable>1</iscustomizable>
  </botcomponent_botcomponent>
  <botcomponent_botcomponent botcomponentidone.schemaname="new_topic_aa8979c8a54148c29331a27a719706c9_8a4964498f83424bb3a86295bf7d0952_startover" botcomponentidtwo.schemaname="new_topic_aa8979c8a54148c29331a27a719706c9_ba7b967c97ba4c39bca58a8bb6a72d59_conversationstart">
    <iscustomizable>1</iscustomizable>
  </botcomponent_botcomponent>
  <botcomponent_botcomponent botcomponentidone.schemaname="new_topic_aa8979c8a54148c29331a27a719706c9_aeabea4d071f415c8c107e1cb7af5424_assumedsuccess" botcomponentidtwo.schemaname="new_topic_aa8979c8a54148c29331a27a719706c9_d2198a5ee41a48a5bf70ab8970145a9f_confirmedfailure">
    <iscustomizable>1</iscustomizable>
  </botcomponent_botcomponent>
  <botcomponent_botcomponent botcomponentidone.schemaname="new_topic_aa8979c8a54148c29331a27a719706c9_aeabea4d071f415c8c107e1cb7af5424_assumedsuccess" botcomponentidtwo.schemaname="new_topic_aa8979c8a54148c29331a27a719706c9_db1f76b081dc43389df9dd2df7518737_confirmedsuccess">
    <iscustomizable>1</iscustomizable>
  </botcomponent_botcomponent>
  <botcomponent_botcomponent botcomponentidone.schemaname="new_topic_aa8979c8a54148c29331a27a719706c9_ba7b967c97ba4c39bca58a8bb6a72d59_conversationstart" botcomponentidtwo.schemaname="new_topic_d4513be552bc496e999ab3e5aa293cf8">
    <iscustomizable>1</iscustomizable>
  </botcomponent_botcomponent>
  <botcomponent_botcomponent botcomponentidone.schemaname="new_topic_aa8979c8a54148c29331a27a719706c9_d2198a5ee41a48a5bf70ab8970145a9f_confirmedfailure" botcomponentidtwo.schemaname="new_topic_aa8979c8a54148c29331a27a719706c9_954135cafcd647eaae5999ad91fc08cf_talktoagent">
    <iscustomizable>1</iscustomizable>
  </botcomponent_botcomponent>
  <botcomponent_botcomponent botcomponentidone.schemaname="new_topic_aa8979c8a54148c29331a27a719706c9_db1f76b081dc43389df9dd2df7518737_confirmedsuccess" botcomponentidtwo.schemaname="new_customtype_aa8979c8a54148c29331a27a719706c9_92610204747047ac8f788f7eecd91118">
    <iscustomizable>1</iscustomizable>
  </botcomponent_botcomponent>
  <botcomponent_botcomponent botcomponentidone.schemaname="new_topic_aa8979c8a54148c29331a27a719706c9_db1f76b081dc43389df9dd2df7518737_confirmedsuccess" botcomponentidtwo.schemaname="new_topic_aa8979c8a54148c29331a27a719706c9_f56d1a3e522740c78f9fac0939332dbd_goodbye">
    <iscustomizable>1</iscustomizable>
  </botcomponent_botcomponent>
  <botcomponent_botcomponent botcomponentidone.schemaname="new_topic_aa8979c8a54148c29331a27a719706c9_dbafebd526364487911b63a2a774389f" botcomponentidtwo.schemaname="new_topic_aa8979c8a54148c29331a27a719706c9_aeabea4d071f415c8c107e1cb7af5424_assumedsuccess">
    <iscustomizable>1</iscustomizable>
  </botcomponent_botcomponent>
  <botcomponent_botcomponent botcomponentidone.schemaname="new_topic_d4513be552bc496e999ab3e5aa293cf8" botcomponentidtwo.schemaname="new_topic_ec5297af15d14d4d923150b302cec174">
    <iscustomizable>1</iscustomizable>
  </botcomponent_botcomponent>
  <botcomponent_botcomponent botcomponentidone.schemaname="new_topic_d4513be552bc496e999ab3e5aa293cf8" botcomponentidtwo.schemaname="new_variable_9092c9eb2f27449cb00852f3cfa4c94c_bc565e6ae6ec4c75a7381859fb5c4148">
    <iscustomizable>1</iscustomizable>
  </botcomponent_botcomponent>
  <botcomponent_botcomponent botcomponentidone.schemaname="new_topic_d4513be552bc496e999ab3e5aa293cf8" botcomponentidtwo.schemaname="new_variable_9092c9eb2f27449cb00852f3cfa4c94c_cbcd8115da634c8189ed5c069daf6fbc">
    <iscustomizable>1</iscustomizable>
  </botcomponent_botcomponent>
  <botcomponent_botcomponent botcomponentidone.schemaname="new_topic_d4513be552bc496e999ab3e5aa293cf8" botcomponentidtwo.schemaname="new_variable_aa8979c8a54148c29331a27a719706c9_613f8321e2c748a49c5b7be3fdcfcd9a">
    <iscustomizable>1</iscustomizable>
  </botcomponent_botcomponent>
  <botcomponent_botcomponent botcomponentidone.schemaname="new_topic_ec5297af15d14d4d923150b302cec174" botcomponentidtwo.schemaname="new_topic_608c1f7222c3484b9b952a2db002a2e1">
    <iscustomizable>1</iscustomizable>
  </botcomponent_botcomponent>
  <botcomponent_botcomponent botcomponentidone.schemaname="new_topic_ec5297af15d14d4d923150b302cec174" botcomponentidtwo.schemaname="new_topic_aa8979c8a54148c29331a27a719706c9_f56d1a3e522740c78f9fac0939332dbd_goodbye">
    <iscustomizable>1</iscustomizable>
  </botcomponent_botcomponent>
  <botcomponent_botcomponent botcomponentidone.schemaname="new_topic_ec5297af15d14d4d923150b302cec174" botcomponentidtwo.schemaname="new_topic_d4513be552bc496e999ab3e5aa293cf8">
    <iscustomizable>1</iscustomizable>
  </botcomponent_botcomponent>
</botcomponent_botcomponentset>